Epoch, Train Loss, Val Loss
0,2.332412004470825, 2.3440306186676025
1,2.2907671946698747,2.2352994635135315
2,1.8999656780296579,1.5692063117329078
3,1.4347103050602672,1.328548239756234
4,1.2148917462209912,1.1139373507680772
5,1.0319469622943713,0.9774770759329011
6,0.9049918775058463,0.8606594846218447
7,0.7910056227003522,0.7477900657472731
8,0.686175816123138,0.6534900035284743
9,0.582117131985057,0.546408855462376
10,0.4965242481292666,0.4717417804500725
