Epoch, Train Loss, Val Loss, Inv Loss, Var Loss, Cov Loss
0,49.49945068359375, 49.49945068359375, 1.0534358807490207e-05, 49.49943923950195, 3.2310664696078364e-14
1, 39.42368012440355, 45.22724124781616, 3.337925672531128, 41.833866119384766, 0.055459484457969666
