Epoch, Train Loss, Val Loss, Inv Loss, Var Loss, Cov Loss
0,49.49824905395508, 49.49824905395508, 0.00013986995327286422, 49.49810791015625, 9.307086351606486e-13
1, 38.94831119006193, 44.24955616338784, 4.149042129516602, 40.00323486328125, 0.09729373455047607
2, 37.90890635719782, 38.46297421174891, 10.341669082641602, 27.832670211791992, 0.288638174533844
